ds,yhat,yhat_lower,yhat_upper,y,cutoff
2018-03-14 04:00:00,1361.0501176480327,333.1445444665327,2542.7514178339516,903,2018-03-14 03:00:00
2018-03-14 05:00:00,2717.6651603858463,1641.7747571218044,3744.385646787949,2785,2018-03-14 04:00:00
2018-03-14 06:00:00,3998.5036318425546,2939.6614762114796,5078.782349188627,5526,2018-03-14 05:00:00
2018-03-14 07:00:00,4799.619049241174,3744.248147384267,5867.507617311854,6542,2018-03-14 06:00:00
2018-03-14 08:00:00,5006.49551627785,3980.4155565877327,6057.8240427378505,5854,2018-03-14 07:00:00
2018-03-14 09:00:00,4828.303711690891,3735.3255847993205,5953.736306306884,5312,2018-03-14 08:00:00
2018-03-14 10:00:00,4599.457797536549,3513.2629221835996,5693.893636971345,4511,2018-03-14 09:00:00
2018-03-14 11:00:00,4544.952209144705,3438.592938708136,5660.032063240622,4825,2018-03-14 10:00:00
2018-03-14 12:00:00,4718.696604828519,3590.280730449252,5791.7291751798,4908,2018-03-14 11:00:00
2018-03-14 13:00:00,5049.035172371989,3904.9849508848497,6124.235904590429,5044,2018-03-14 12:00:00
2018-03-14 14:00:00,5407.500887135637,4302.845674555472,6469.656097490896,5251,2018-03-14 13:00:00
2018-03-14 15:00:00,5670.813554410652,4527.155255300338,6744.761327371511,5906,2018-03-14 14:00:00
2018-03-14 16:00:00,5694.666657297184,4566.956190739537,6723.070902726056,6789,2018-03-14 15:00:00
2018-03-14 17:00:00,5373.787864029988,4219.232994442006,6393.962616062536,6137,2018-03-14 16:00:00
2018-03-14 18:00:00,4720.39312078795,3626.7072977627986,5746.814974521187,4718,2018-03-14 17:00:00
2018-03-14 19:00:00,3893.9655182789165,2871.6328572855587,4961.898556036033,3426,2018-03-14 18:00:00
2018-03-14 20:00:00,3156.7177908834606,2061.7843078335904,4278.9107726680795,3115,2018-03-14 19:00:00
2018-03-14 21:00:00,2653.580449907715,1532.583095325515,3736.6077750127065,2507,2018-03-14 20:00:00
2018-03-14 22:00:00,2347.867977289132,1315.427116225707,3406.9534693902638,1810,2018-03-14 21:00:00
2018-03-14 23:00:00,2012.6233596263446,922.6688755287364,3056.833010553946,1094,2018-03-14 22:00:00
2018-03-15 00:00:00,1460.0694503282875,383.59621238408687,2593.777344656246,577,2018-03-14 23:00:00
2018-03-15 01:00:00,789.8070790196175,-311.3974636601635,1847.580586109048,354,2018-03-15 00:00:00
2018-03-15 02:00:00,345.0605579066255,-708.1697549965983,1381.8205068961813,259,2018-03-15 01:00:00
2018-03-15 03:00:00,516.1109323805995,-610.661865042365,1539.6114413190048,360,2018-03-15 02:00:00
2018-03-15 04:00:00,1415.4687212108631,382.90643712062547,2468.6706070623445,910,2018-03-15 03:00:00
2018-03-15 05:00:00,2765.6768975751984,1715.1895902983897,3805.967752814053,2797,2018-03-15 04:00:00
2018-03-15 06:00:00,4050.0840165366035,2917.372585286337,5063.860438273854,4965,2018-03-15 05:00:00
2018-03-15 07:00:00,4847.811983058035,3745.436952806314,5935.798604944957,6537,2018-03-15 06:00:00
2018-03-15 08:00:00,5058.889471134844,3980.6955351333854,6117.262756956149,5907,2018-03-15 07:00:00
2018-03-15 09:00:00,4884.604817245599,3731.2928278562404,5940.799470198173,5177,2018-03-15 08:00:00
2018-03-15 10:00:00,4656.415996652225,3625.2646467265663,5691.204255509971,4675,2018-03-15 09:00:00
2018-03-15 11:00:00,4603.749491759347,3551.3684971787316,5745.80335799263,4905,2018-03-15 10:00:00
2018-03-15 12:00:00,4782.541065444681,3665.3230101221234,5899.7972530372235,5113,2018-03-15 11:00:00
2018-03-15 13:00:00,5115.329781368477,3977.5861064168366,6183.1884349515385,5165,2018-03-15 12:00:00
2018-03-15 14:00:00,5480.137142924572,4339.8011672371695,6571.594323154839,5448,2018-03-15 13:00:00
2018-03-15 15:00:00,5745.012000158949,4665.976894351939,6781.393237462768,5960,2018-03-15 14:00:00
2018-03-15 16:00:00,5772.98631856779,4685.763359706026,6910.2408317042655,6586,2018-03-15 15:00:00
2018-03-15 17:00:00,5459.761173519263,4409.510485147414,6556.907493769832,6279,2018-03-15 16:00:00
2018-03-15 18:00:00,4811.289647226147,3689.449172582979,5822.981461930314,4771,2018-03-15 17:00:00
2018-03-15 19:00:00,3986.5231447153938,2900.639417835311,5003.200082979082,3503,2018-03-15 18:00:00
2018-03-15 20:00:00,3246.737199613677,2175.492736424054,4297.1527183384405,3093,2018-03-15 19:00:00
2018-03-15 21:00:00,2753.275769474176,1657.9517436218048,3865.793812958415,2685,2018-03-15 20:00:00
2018-03-15 22:00:00,2443.9037453512233,1329.9335032087884,3584.293202298871,2157,2018-03-15 21:00:00
2018-03-15 23:00:00,2105.4714877521874,990.6646380888956,3151.829300390117,1205,2018-03-15 22:00:00
2018-03-16 00:00:00,1560.2959650905907,455.76850536501814,2694.080141403977,661,2018-03-15 23:00:00
2018-03-16 01:00:00,882.61680252222,-191.91341140364622,2010.73372782603,386,2018-03-16 00:00:00
2018-03-16 02:00:00,434.07544700796234,-621.619201631549,1467.4230203315904,287,2018-03-16 01:00:00
2018-03-16 03:00:00,600.1782526138618,-519.6688519362542,1634.208110094768,377,2018-03-16 02:00:00
2018-03-16 04:00:00,1498.4297046336321,469.2541180518749,2614.524390028969,793,2018-03-16 03:00:00
2018-03-16 05:00:00,2839.0608901422233,1736.4769417990806,3924.7518612431404,2731,2018-03-16 04:00:00
2018-03-16 06:00:00,4114.290401505252,3041.7727158846574,5151.97425666812,4997,2018-03-16 05:00:00
2018-03-16 07:00:00,4901.629717189839,3831.074322589697,5996.084024893871,6242,2018-03-16 06:00:00
2018-03-16 08:00:00,5098.620618640703,4045.7969691948842,6171.362725050488,5574,2018-03-16 07:00:00
2018-03-16 09:00:00,4905.157004098491,3918.1400352576175,6035.720577432409,4900,2018-03-16 08:00:00
2018-03-16 10:00:00,4658.885572888314,3573.617009778277,5727.4873539143455,4578,2018-03-16 09:00:00
2018-03-16 11:00:00,4584.290670623732,3517.862915747895,5748.745416699386,5056,2018-03-16 10:00:00
2018-03-16 12:00:00,4746.368914316203,3670.952027113008,5873.29447396678,5381,2018-03-16 11:00:00
2018-03-16 13:00:00,5055.444187618358,3998.8936754045562,6101.744636835789,5398,2018-03-16 12:00:00
2018-03-16 14:00:00,5397.120523353963,4313.372307869245,6523.339841952167,5594,2018-03-16 13:00:00
2018-03-16 15:00:00,5632.778615002731,4512.8082983696695,6686.1580755684445,5999,2018-03-16 14:00:00
2018-03-16 16:00:00,5630.849076126273,4502.05123919666,6662.235373906049,6607,2018-03-16 15:00:00
2018-03-16 17:00:00,5286.895922907546,4161.123176119399,6324.754152106588,6023,2018-03-16 16:00:00
2018-03-16 18:00:00,4605.977852086722,3560.6438295831513,5645.978751413732,4952,2018-03-16 17:00:00
2018-03-16 19:00:00,3748.534540031188,2778.957777635339,4834.684426822296,4004,2018-03-16 18:00:00
2018-03-16 20:00:00,2970.829653279591,1896.1218799863318,4051.5764788637857,3503,2018-03-16 19:00:00
2018-03-16 21:00:00,2439.0441115536,1398.1083347328126,3461.9040722492973,3111,2018-03-16 20:00:00
2018-03-16 22:00:00,2096.431427113312,1027.6443799045207,3200.4684649795277,3079,2018-03-16 21:00:00
2018-03-16 23:00:00,1719.3082388074752,632.6186233933504,2836.0738527268204,1903,2018-03-16 22:00:00
2018-03-17 00:00:00,1138.4529161761122,25.468788176027925,2219.744286070713,1125,2018-03-16 23:00:00
2018-03-17 01:00:00,433.16963659465773,-678.124709715536,1490.7522118644756,621,2018-03-17 00:00:00
2018-03-17 02:00:00,-53.307821004979814,-1204.598887679782,1036.8661174486244,498,2018-03-17 01:00:00
2018-03-17 03:00:00,82.56993816838894,-942.1764093973889,1132.7916563646238,386,2018-03-17 02:00:00
2018-03-17 04:00:00,943.0567964395432,-238.828112620519,1978.526891180315,391,2018-03-17 03:00:00
2018-03-17 05:00:00,2253.0110725114287,1224.5093965385595,3396.665124584116,681,2018-03-17 04:00:00
2018-03-17 06:00:00,3499.5149223203316,2345.0025037329706,4616.257489237007,1167,2018-03-17 05:00:00
2018-03-17 07:00:00,4245.23181745975,3083.1836279282657,5321.6999308610475,1895,2018-03-17 06:00:00
2018-03-17 08:00:00,4403.881418722215,3268.96475671526,5486.4962877897015,3095,2018-03-17 07:00:00
2018-03-17 09:00:00,4171.65986795595,3059.859346413371,5244.130618856903,3956,2018-03-17 08:00:00
2018-03-17 10:00:00,3892.3958448502144,2839.6352460642834,4942.91835168406,4651,2018-03-17 09:00:00
2018-03-17 11:00:00,3805.862977642267,2761.8123698280788,4901.621982451734,5278,2018-03-17 10:00:00
2018-03-17 12:00:00,3940.619813477646,2862.3954950285383,4962.663431290996,5798,2018-03-17 11:00:00
2018-03-17 13:00:00,4239.539694957477,3082.209894937473,5256.018404392556,5686,2018-03-17 12:00:00
2018-03-17 14:00:00,4573.72454202729,3471.520609070409,5555.597926154764,5616,2018-03-17 13:00:00
2018-03-17 15:00:00,4801.701983599191,3670.9138550922485,5825.043757947622,5217,2018-03-17 14:00:00
2018-03-17 16:00:00,4797.070705842549,3722.471565798686,5905.937823531822,4708,2018-03-17 15:00:00
2018-03-17 17:00:00,4445.378148936426,3390.578548438569,5515.3487597443345,4954,2018-03-17 16:00:00
2018-03-17 18:00:00,3765.4343951880783,2688.736044814484,4759.747904046399,4595,2018-03-17 17:00:00
2018-03-17 19:00:00,2917.4061422792106,1868.4490889133854,4070.6912913620095,3918,2018-03-17 18:00:00
2018-03-17 20:00:00,2154.4621942004105,1082.3456016334517,3244.719950229191,3534,2018-03-17 19:00:00
2018-03-17 21:00:00,1640.9482410674561,507.6873056828653,2730.4547068246093,3351,2018-03-17 20:00:00
2018-03-17 22:00:00,1317.1096237824104,199.04518471088957,2327.58002398447,3739,2018-03-17 21:00:00
2018-03-17 23:00:00,966.6672707364569,-72.94611393983449,1999.9890505196474,2596,2018-03-17 22:00:00
2018-03-18 00:00:00,412.2526557944343,-635.2635916956866,1501.649466358438,1642,2018-03-17 23:00:00
2018-03-18 01:00:00,-261.7577766113368,-1368.751734185327,813.2796364701409,1075,2018-03-18 00:00:00
2018-03-18 02:00:00,-705.837590665124,-1799.4590642482801,436.18860038282224,719,2018-03-18 01:00:00
2018-03-18 03:00:00,-530.1307103306058,-1705.8048085423384,518.8942039249362,417,2018-03-18 02:00:00
2018-03-18 04:00:00,374.8786617742953,-716.9872994507319,1419.8207748223435,321,2018-03-18 03:00:00
2018-03-18 05:00:00,1724.258043355706,617.0034765443108,2727.4724576012613,439,2018-03-18 04:00:00
2018-03-18 06:00:00,3019.565608938817,1907.140878882638,4060.2497459035762,761,2018-03-18 05:00:00
2018-03-18 07:00:00,3820.705436897137,2800.830335918575,4893.018928610675,1020,2018-03-18 06:00:00
2018-03-18 08:00:00,4024.255569984076,2940.9474115478265,5062.433270349133,1840,2018-03-18 07:00:00
2018-03-18 09:00:00,3855.5945831061163,2748.0655782783324,4927.017448949,2776,2018-03-18 08:00:00
2018-03-18 10:00:00,3626.5999086972183,2534.0577598766677,4715.078438294003,3658,2018-03-18 09:00:00
2018-03-18 11:00:00,3587.9873640753126,2516.6620544636585,4648.217031128439,4175,2018-03-18 10:00:00
2018-03-18 12:00:00,3783.910982287015,2652.9844207932115,4926.251672885539,4575,2018-03-18 11:00:00
2018-03-18 13:00:00,4138.817897607142,3144.831549117707,5193.9464511987335,4713,2018-03-18 12:00:00
2018-03-18 14:00:00,4524.448508952136,3410.919072508669,5513.261698434002,4783,2018-03-18 13:00:00
2018-03-18 15:00:00,4812.651744285506,3770.2453170279446,5993.21310223049,4797,2018-03-18 14:00:00
2018-03-18 16:00:00,4861.035387096365,3770.1280910638407,5933.927366455539,4727,2018-03-18 15:00:00
2018-03-18 17:00:00,4567.569615476181,3547.677166789921,5592.042976986615,4649,2018-03-18 16:00:00
2018-03-18 18:00:00,3939.285729256225,2861.397712227171,5031.824049315563,3868,2018-03-18 17:00:00
2018-03-18 19:00:00,3143.4389654315873,2045.3492452830594,4208.7190540379925,3174,2018-03-18 18:00:00
2018-03-18 20:00:00,2430.600880957534,1303.2675363590251,3423.608048926685,2692,2018-03-18 19:00:00
2018-03-18 21:00:00,1959.3393434266159,814.052430783521,3078.416340746655,2068,2018-03-18 20:00:00
2018-03-18 22:00:00,1687.0290598652452,602.4251217944869,2751.2657447902693,1560,2018-03-18 21:00:00
2018-03-18 23:00:00,1379.6736696394075,288.90674153187985,2459.167318203956,966,2018-03-18 22:00:00
2018-03-19 00:00:00,854.9364593193159,-248.71593429519962,1918.599587152103,540,2018-03-18 23:00:00
2018-03-19 01:00:00,210.67752741273398,-838.7717267029788,1373.9770008410137,293,2018-03-19 00:00:00
2018-03-19 02:00:00,-202.91191143631113,-1310.9837148535441,869.5516862535089,254,2018-03-19 01:00:00
2018-03-19 03:00:00,-2.523083726177447,-1035.9321117238267,1080.0122735685632,348,2018-03-19 02:00:00
2018-03-19 04:00:00,927.1318607513003,-165.90669704917966,2026.2391670747447,819,2018-03-19 03:00:00
2018-03-19 05:00:00,2301.173978729301,1175.3692238460353,3349.5095547412993,2788,2018-03-19 04:00:00
2018-03-19 06:00:00,3611.072490798534,2483.237193569022,4648.599144767145,5370,2018-03-19 05:00:00
2018-03-19 07:00:00,4439.309579636058,3395.7518960273587,5554.801798065964,6710,2018-03-19 06:00:00
2018-03-19 08:00:00,4674.490707555526,3629.077533566896,5833.55564954718,5983,2018-03-19 07:00:00
2018-03-19 09:00:00,4524.460467812678,3457.7575793957567,5564.719315581073,4958,2018-03-19 08:00:00
2018-03-19 10:00:00,4311.560043144771,3136.385194586327,5423.499278784526,4320,2018-03-19 09:00:00
2018-03-19 11:00:00,4283.860275093121,3131.3239590442763,5341.983201759481,4551,2018-03-19 10:00:00
2018-03-19 12:00:00,4476.171655149885,3328.308590760054,5587.174356067226,4636,2018-03-19 11:00:00
2018-03-19 13:00:00,4825.729164808446,3737.5626008464023,5910.533532736781,4712,2018-03-19 12:00:00
2018-03-19 14:00:00,5200.417029961408,4121.910688003899,6313.986376938973,4974,2018-03-19 13:00:00
2018-03-19 15:00:00,5477.591779158744,4398.806963575605,6602.379121707195,5694,2018-03-19 14:00:00
2018-03-19 16:00:00,5515.339682387599,4402.49051799888,6650.521306537628,6470,2018-03-19 15:00:00
2018-03-19 17:00:00,5211.409911104667,4165.667015037824,6267.353004937162,5955,2018-03-19 16:00:00
2018-03-19 18:00:00,4570.431413477911,3524.861643751816,5629.271497266891,4314,2018-03-19 17:00:00
2018-03-19 19:00:00,3760.7171941015504,2728.19751522539,4899.05831756904,3201,2018-03-19 18:00:00
2018-03-19 20:00:00,3021.3494934415658,2073.67287628536,4049.7668012230965,2582,2018-03-19 19:00:00
2018-03-19 21:00:00,2531.1604231180963,1532.118756390649,3540.981165830299,2628,2018-03-19 20:00:00
2018-03-19 22:00:00,2230.119991925273,1128.156431015507,3251.1314132994025,3231,2018-03-19 21:00:00
2018-03-19 23:00:00,1895.9089390969293,765.5438733171742,2881.1610072819926,1086,2018-03-19 22:00:00
2018-03-20 00:00:00,1362.6597621436981,312.5056807825425,2436.7084820159007,556,2018-03-19 23:00:00
2018-03-20 01:00:00,687.9591130314411,-372.45283466490025,1703.9627074588839,337,2018-03-20 00:00:00
2018-03-20 02:00:00,250.45486815092409,-862.8210780989426,1325.1458720776127,247,2018-03-20 01:00:00
2018-03-20 03:00:00,430.1506732733783,-750.1499114140609,1478.8991991110813,353,2018-03-20 02:00:00
2018-03-20 04:00:00,1335.0982370287397,285.5116045490804,2457.1574707988716,885,2018-03-20 03:00:00
2018-03-20 05:00:00,2686.871862683099,1581.5701847373675,3863.1576244431967,2867,2018-03-20 04:00:00
2018-03-20 06:00:00,3966.601212363804,2787.441648297887,5023.634191490131,5619,2018-03-20 05:00:00
2018-03-20 07:00:00,4774.2865874229665,3686.31171544365,5853.506676692042,6426,2018-03-20 06:00:00
2018-03-20 08:00:00,4992.131714038628,3932.5558234162736,6019.563573121357,5876,2018-03-20 07:00:00
2018-03-20 09:00:00,4813.752897043628,3768.3108453095338,5866.34372939621,5130,2018-03-20 08:00:00
2018-03-20 10:00:00,4581.641978654983,3511.4313199503267,5684.522976873638,4406,2018-03-20 09:00:00
2018-03-20 11:00:00,4531.205342597023,3412.2588384868723,5599.769757925774,4427,2018-03-20 10:00:00
2018-03-20 12:00:00,4708.735140379234,3671.492542360891,5785.585948751512,4600,2018-03-20 11:00:00
2018-03-20 13:00:00,5038.3130443688815,3911.8568611238907,6085.629721465671,4696,2018-03-20 12:00:00
2018-03-20 14:00:00,5400.27686579016,4324.633602842948,6491.256263430515,4958,2018-03-20 13:00:00
2018-03-20 15:00:00,5660.491800532151,4573.783440452365,6701.981200242269,5690,2018-03-20 14:00:00
2018-03-20 16:00:00,5686.040924477918,4571.60912406951,6841.747665965844,6609,2018-03-20 15:00:00
2018-03-20 17:00:00,5368.705189687393,4300.138817247421,6477.007507204937,6097,2018-03-20 16:00:00
2018-03-20 18:00:00,4717.65168663174,3679.057562474178,5778.959145976679,4569,2018-03-20 17:00:00
2018-03-20 19:00:00,3897.0327512306912,2801.2522925080184,4959.137981464444,3098,2018-03-20 18:00:00
2018-03-20 20:00:00,3151.6987167515217,2082.6066310292395,4233.470374558159,2741,2018-03-20 19:00:00
2018-03-20 21:00:00,2653.101314325277,1588.9878100879653,3725.854977051311,2517,2018-03-20 20:00:00
2018-03-20 22:00:00,2345.166177480466,1143.6113787300887,3436.0049118271722,1621,2018-03-20 21:00:00
2018-03-20 23:00:00,2009.839365773976,927.6114878304123,3170.553732694327,1062,2018-03-20 22:00:00
2018-03-21 00:00:00,1461.5624534135873,324.7992182001063,2537.668898677529,578,2018-03-20 23:00:00
2018-03-21 01:00:00,784.052017404123,-309.36325301739777,1884.6061155029572,335,2018-03-21 00:00:00
2018-03-21 02:00:00,343.9097240083788,-776.9269653911495,1337.8252171094466,261,2018-03-21 01:00:00
2018-03-21 03:00:00,512.362798507168,-604.4313411528478,1615.6602272507153,353,2018-03-21 02:00:00
2018-03-21 04:00:00,1419.7660490944495,231.51705197393136,2440.719827527774,893,2018-03-21 03:00:00
2018-03-21 05:00:00,2771.2383323548806,1644.368370038969,3840.6021630487194,2950,2018-03-21 04:00:00
2018-03-21 06:00:00,4048.8200381470456,2952.70507781734,5175.521834947708,5538,2018-03-21 05:00:00
2018-03-21 07:00:00,4854.099688443397,3763.7415060837175,5896.293174075798,6840,2018-03-21 06:00:00
2018-03-21 08:00:00,5065.866437693328,4038.576636720978,6115.7221952221225,6218,2018-03-21 07:00:00
2018-03-21 09:00:00,4888.6527302000495,3822.0493195498784,6005.367248509287,5356,2018-03-21 08:00:00
2018-03-21 10:00:00,4658.92202307327,3640.630135826992,5823.859606092409,4551,2018-03-21 09:00:00
2018-03-21 11:00:00,4601.539153776177,3468.396895007747,5750.234461395283,4807,2018-03-21 10:00:00
2018-03-21 12:00:00,4778.208266308991,3730.8946458147316,5911.433991112983,4993,2018-03-21 11:00:00
2018-03-21 13:00:00,5110.79669862473,4047.7234712499403,6235.891056219996,4879,2018-03-21 12:00:00
2018-03-21 14:00:00,5471.218119501738,4422.550603539299,6572.4236389237685,5173,2018-03-21 13:00:00
2018-03-21 15:00:00,5730.411108522027,4664.853885747198,6841.155436140409,5863,2018-03-21 14:00:00
2018-03-21 16:00:00,5754.38120724098,4685.1382713567955,6844.920869302663,6790,2018-03-21 15:00:00
2018-03-21 17:00:00,5432.892647269745,4324.99624305666,6442.00289348108,6310,2018-03-21 16:00:00
2018-03-21 18:00:00,4780.782265183577,3687.6108492077315,5770.372227980978,4591,2018-03-21 17:00:00
2018-03-21 19:00:00,3958.000745597522,2965.999023305665,5015.401337950704,3493,2018-03-21 18:00:00
2018-03-21 20:00:00,3209.23329398893,2134.308512771662,4279.849575299448,2991,2018-03-21 19:00:00
2018-03-21 21:00:00,2709.990395270095,1633.4957032172676,3816.3693097473956,2592,2018-03-21 20:00:00
2018-03-21 22:00:00,2400.772476810632,1315.2351163086792,3463.3649364030625,1664,2018-03-21 21:00:00
2018-03-21 23:00:00,2062.9808797994183,1028.3343086743434,3212.632271549337,1093,2018-03-21 22:00:00
2018-03-22 00:00:00,1514.4321344916689,448.15708769865444,2582.816971963618,609,2018-03-21 23:00:00
2018-03-22 01:00:00,840.4529857958846,-308.7997938495032,1931.469895616974,346,2018-03-22 00:00:00
2018-03-22 02:00:00,397.61606176225405,-662.9333168387586,1512.4876906359973,228,2018-03-22 01:00:00
2018-03-22 03:00:00,569.8351435679801,-533.1633576765138,1587.3748513063156,330,2018-03-22 02:00:00
2018-03-22 04:00:00,1463.0934114720724,375.1872084272643,2553.7399769202807,868,2018-03-22 03:00:00
2018-03-22 05:00:00,2823.490116162151,1773.8558233078113,3912.9856497842866,2903,2018-03-22 04:00:00
2018-03-22 06:00:00,4105.153874650315,3052.6200728131676,5172.391384596928,5530,2018-03-22 05:00:00
2018-03-22 07:00:00,4909.899616035425,3752.1542415477265,6005.474595628909,6833,2018-03-22 06:00:00
2018-03-22 08:00:00,5124.668927114175,4017.2668527708233,6163.96022042222,6206,2018-03-22 07:00:00
2018-03-22 09:00:00,4949.302521868053,3885.3196668480023,6069.509066792326,5222,2018-03-22 08:00:00
2018-03-22 10:00:00,4717.500724467245,3690.7965312692404,5783.592448721039,4573,2018-03-22 09:00:00
2018-03-22 11:00:00,4667.339267460452,3578.331004785495,5740.065547658288,5059,2018-03-22 10:00:00
2018-03-22 12:00:00,4846.378704853636,3728.6261469407455,5898.327422129738,5162,2018-03-22 11:00:00
2018-03-22 13:00:00,5181.8071536887,4033.2413866198626,6197.501843809295,5165,2018-03-22 12:00:00
2018-03-22 14:00:00,5544.913645558181,4496.126822771168,6643.538426300115,5386,2018-03-22 13:00:00
2018-03-22 15:00:00,5807.131109263949,4712.577243967719,6958.05251141289,5963,2018-03-22 14:00:00
2018-03-22 16:00:00,5837.65238265249,4713.786106870113,6913.060745821616,6918,2018-03-22 15:00:00
2018-03-22 17:00:00,5526.310080100557,4513.415185063403,6610.889868310791,6374,2018-03-22 16:00:00
2018-03-22 18:00:00,4870.923016136222,3738.054699892186,5922.147186215065,4694,2018-03-22 17:00:00
2018-03-22 19:00:00,4048.9362138340625,2959.972272141675,5140.628662145131,3737,2018-03-22 18:00:00
2018-03-22 20:00:00,3307.098224025916,2217.042878703985,4421.93404847397,3510,2018-03-22 19:00:00
2018-03-22 21:00:00,2809.620497189523,1659.2339375567146,3879.283696561501,2896,2018-03-22 20:00:00
2018-03-22 22:00:00,2501.734665283551,1486.6752057142294,3605.9000932823405,2298,2018-03-22 21:00:00
2018-03-22 23:00:00,2161.203092530013,1043.9180775706566,3205.590719104617,1235,2018-03-22 22:00:00
2018-03-23 00:00:00,1615.1034450592604,524.6172221295213,2702.160899257631,645,2018-03-22 23:00:00
2018-03-23 01:00:00,939.0314799898024,-74.72430322862428,1937.0183994464453,379,2018-03-23 00:00:00
2018-03-23 02:00:00,493.6172464170868,-561.7767664851982,1605.390357901473,285,2018-03-23 01:00:00
2018-03-23 03:00:00,660.3556174277928,-464.30234977079596,1787.398739869657,382,2018-03-23 02:00:00
2018-03-23 04:00:00,1553.2574513383945,481.0291180895712,2623.9646156207405,800,2018-03-23 03:00:00
2018-03-23 05:00:00,2900.537363382728,1856.6274644279692,4029.5122951364256,2744,2018-03-23 04:00:00
2018-03-23 06:00:00,4173.5645226102,3110.6660841413786,5291.3355705591675,5245,2018-03-23 05:00:00
2018-03-23 07:00:00,4967.693434863345,3861.421023245475,5958.834708077105,6407,2018-03-23 06:00:00
2018-03-23 08:00:00,5167.3128209085135,4025.3126965753227,6240.983362682373,5885,2018-03-23 07:00:00
2018-03-23 09:00:00,4972.910012504035,3931.338693386898,6050.547941298442,5294,2018-03-23 08:00:00
2018-03-23 10:00:00,4725.488710295058,3652.866187964971,5800.335790954432,4876,2018-03-23 09:00:00
2018-03-23 11:00:00,4653.820476527889,3634.9257656536074,5733.86164229777,5230,2018-03-23 10:00:00
2018-03-23 12:00:00,4813.5309544387965,3668.228386438391,5839.332066338123,5405,2018-03-23 11:00:00
2018-03-23 13:00:00,5123.088072775366,4056.4457139329093,6221.857058442046,5369,2018-03-23 12:00:00
2018-03-23 14:00:00,5464.72154136468,4407.476663572086,6501.39292992022,5525,2018-03-23 13:00:00
2018-03-23 15:00:00,5702.707111012275,4607.210612856345,6747.450727323506,6042,2018-03-23 14:00:00
2018-03-23 16:00:00,5700.911707661797,4641.425623592677,6680.658754708091,6712,2018-03-23 15:00:00
2018-03-23 17:00:00,5356.287629607032,4307.857993019647,6398.602624670533,6248,2018-03-23 16:00:00
2018-03-23 18:00:00,4672.23420737523,3567.100095153225,5810.784945097223,5041,2018-03-23 17:00:00
2018-03-23 19:00:00,3816.7172364884545,2787.823354189961,4920.697895167956,4067,2018-03-23 18:00:00
2018-03-23 20:00:00,3041.294722368902,1910.664613190271,4098.800300875376,3229,2018-03-23 19:00:00
2018-03-23 21:00:00,2507.3201695638045,1393.02557982072,3615.603007041118,2915,2018-03-23 20:00:00
2018-03-23 22:00:00,2162.408637175182,1094.5836528870263,3195.60946377249,2928,2018-03-23 21:00:00
2018-03-23 23:00:00,1784.375187921278,750.5690409397071,2860.240528967774,2932,2018-03-23 22:00:00
2018-03-24 00:00:00,1196.2141559373913,84.2740747533916,2173.4405266125837,1453,2018-03-23 23:00:00
2018-03-24 01:00:00,490.4000915298993,-592.748245067358,1506.6001885009289,950,2018-03-24 00:00:00
2018-03-24 02:00:00,12.906726249295843,-1036.7994161671418,1102.6496313050036,693,2018-03-24 01:00:00
2018-03-24 03:00:00,148.34291645958865,-934.7666721000951,1241.634844199889,495,2018-03-24 02:00:00
2018-03-24 04:00:00,1002.690629743804,-86.76170100677581,2051.580379413549,531,2018-03-24 03:00:00
2018-03-24 05:00:00,2318.3621378419375,1237.1132246500981,3371.3420782180756,728,2018-03-24 04:00:00
2018-03-24 06:00:00,3566.6171915238347,2366.7068668250513,4613.098338949729,1349,2018-03-24 05:00:00
2018-03-24 07:00:00,4319.682563055642,3209.5855287525164,5389.130873175818,2213,2018-03-24 06:00:00
2018-03-24 08:00:00,4470.668450772164,3520.605305144818,5594.5606076063,3049,2018-03-24 07:00:00
2018-03-24 09:00:00,4245.204735862531,3159.032118593761,5283.212417168507,3912,2018-03-24 08:00:00
2018-03-24 10:00:00,3969.0592467901456,2845.678186631181,5007.906910816225,4466,2018-03-24 09:00:00
2018-03-24 11:00:00,3876.0153211989286,2814.4923284221036,5058.700009333067,6006,2018-03-24 10:00:00
2018-03-24 12:00:00,4016.6897613626684,2922.037553479077,5085.707991727762,6470,2018-03-24 11:00:00
2018-03-24 13:00:00,4319.238122363313,3234.383350029464,5340.791154479605,5148,2018-03-24 12:00:00
2018-03-24 14:00:00,4647.9052112522295,3462.299868136063,5703.844845659625,4994,2018-03-24 13:00:00
2018-03-24 15:00:00,4879.293887384878,3769.3079481266063,6002.446175424143,5019,2018-03-24 14:00:00
2018-03-24 16:00:00,4867.058358083024,3779.6091085730804,5963.273404847657,4874,2018-03-24 15:00:00
2018-03-24 17:00:00,4521.256450665249,3454.740048205941,5593.752738681451,4787,2018-03-24 16:00:00
2018-03-24 18:00:00,3838.4842899674495,2724.5721801942027,4894.019539204035,4511,2018-03-24 17:00:00
2018-03-24 19:00:00,2988.085859510227,1899.2807895704748,4085.8729371742156,3788,2018-03-24 18:00:00
2018-03-24 20:00:00,2224.4818496249,1103.733625616046,3340.2031043501956,3044,2018-03-24 19:00:00
2018-03-24 21:00:00,1708.2524757890992,665.5915163078602,2748.2482991350307,3602,2018-03-24 20:00:00
2018-03-24 22:00:00,1384.6948828770255,297.4043110036265,2539.379672493764,4409,2018-03-24 21:00:00
2018-03-24 23:00:00,1037.2901771578754,-31.614659994709058,2166.834704705423,2104,2018-03-24 22:00:00
2018-03-25 00:00:00,477.6759754940208,-584.0608921512079,1546.417251924011,1324,2018-03-24 23:00:00
2018-03-25 01:00:00,-197.50499766162102,-1194.9719834188904,895.5244866088931,795,2018-03-25 00:00:00
2018-03-25 02:00:00,-645.7004819830954,-1713.9631139027963,498.9025675375599,658,2018-03-25 01:00:00
2018-03-25 03:00:00,-474.3793531197025,-1551.6579742367398,591.444835661219,340,2018-03-25 02:00:00
2018-03-25 04:00:00,436.58020382494624,-622.8066864693127,1525.0931865674233,274,2018-03-25 03:00:00
2018-03-25 05:00:00,1785.3933044034286,706.1879721549145,2819.3661770336066,440,2018-03-25 04:00:00
2018-03-25 06:00:00,3087.2317898745646,1973.8039808078197,4170.021624089668,771,2018-03-25 05:00:00
2018-03-25 07:00:00,3884.2414786792338,2837.8326990908276,4917.597670537863,1158,2018-03-25 06:00:00
2018-03-25 08:00:00,4096.666009295616,3035.4396981721197,5197.396980209696,1847,2018-03-25 07:00:00
2018-03-25 09:00:00,3918.4907909070116,2891.1386472238732,5052.825592719562,2788,2018-03-25 08:00:00
2018-03-25 10:00:00,3694.2269990925424,2595.749490499088,4753.439515363388,3617,2018-03-25 09:00:00
2018-03-25 11:00:00,3656.2182585672613,2526.5850016284053,4671.404168603103,3939,2018-03-25 10:00:00
2018-03-25 12:00:00,3852.5171527162856,2744.667756260263,5004.869894958367,4628,2018-03-25 11:00:00
2018-03-25 13:00:00,4203.335538647103,3147.2260748432122,5340.022590859662,4615,2018-03-25 12:00:00
2018-03-25 14:00:00,4589.783093775079,3409.72199274719,5721.325135168034,4447,2018-03-25 13:00:00
2018-03-25 15:00:00,4877.435058591382,3904.9652613296194,6009.105280076698,4447,2018-03-25 14:00:00
2018-03-25 16:00:00,4920.802222910005,3813.555440751575,5984.77523854446,4540,2018-03-25 15:00:00
2018-03-25 17:00:00,4631.370149253576,3496.1680743419583,5794.493741747835,4345,2018-03-25 16:00:00
2018-03-25 18:00:00,3999.5052972694466,2801.0925598635863,4940.093425220424,3799,2018-03-25 17:00:00
2018-03-25 19:00:00,3205.2805726133106,2063.537764244564,4261.178994702827,2980,2018-03-25 18:00:00
2018-03-25 20:00:00,2489.45172718057,1427.555682075031,3578.7581848215004,2784,2018-03-25 19:00:00
2018-03-25 21:00:00,2018.9398395641936,1016.948725888718,3119.3695766800947,3967,2018-03-25 20:00:00
2018-03-25 22:00:00,1743.2355324319399,638.1698681899554,2836.9044052833624,1794,2018-03-25 21:00:00
2018-03-25 23:00:00,1435.1568223605877,418.479575211303,2611.5556812760237,984,2018-03-25 22:00:00
2018-03-26 00:00:00,918.7261108149755,-164.15830652207583,2000.9041581445535,518,2018-03-25 23:00:00
2018-03-26 01:00:00,275.8103839846467,-810.4568259438978,1336.9256793205145,325,2018-03-26 00:00:00
2018-03-26 02:00:00,-144.87592751337843,-1189.78979840379,869.1482943554092,248,2018-03-26 01:00:00
2018-03-26 03:00:00,61.1056320720013,-1140.8111744833554,1255.9809867668225,336,2018-03-26 02:00:00
2018-03-26 04:00:00,989.445139171361,-26.179141833858687,2107.6533235222814,851,2018-03-26 03:00:00
2018-03-26 05:00:00,2363.1594070486644,1261.2257411824653,3384.465516036928,2625,2018-03-26 04:00:00
2018-03-26 06:00:00,3674.589390193972,2542.7733559111975,4748.722046501015,5213,2018-03-26 05:00:00
2018-03-26 07:00:00,4504.7329051059205,3482.6347618998207,5661.031763122802,6382,2018-03-26 06:00:00
2018-03-26 08:00:00,4739.808210421739,3643.870437383413,5812.552654171923,5654,2018-03-26 07:00:00
2018-03-26 09:00:00,4587.587688199149,3456.6055261115625,5660.68683084138,4843,2018-03-26 08:00:00
2018-03-26 10:00:00,4375.758779559301,3364.055288073366,5492.84392846682,4129,2018-03-26 09:00:00
2018-03-26 11:00:00,4340.769069743508,3261.4310554902313,5452.728020997925,4370,2018-03-26 10:00:00
2018-03-26 12:00:00,4538.083141491941,3412.6923065919373,5609.011329745821,4562,2018-03-26 11:00:00
2018-03-26 13:00:00,4888.169093414036,3809.3238384061824,6004.833071733908,4661,2018-03-26 12:00:00
2018-03-26 14:00:00,5260.893149123975,4177.661455793592,6210.988569652405,4992,2018-03-26 13:00:00
2018-03-26 15:00:00,5538.7005704585645,4475.148873886118,6653.728571318594,5494,2018-03-26 14:00:00
2018-03-26 16:00:00,5576.669701973153,4438.732179274656,6624.693651950945,6402,2018-03-26 15:00:00
2018-03-26 17:00:00,5272.884868367065,4137.315230374844,6357.788624422836,5956,2018-03-26 16:00:00
2018-03-26 18:00:00,4629.972583495235,3569.7650802706457,5701.133928573414,4041,2018-03-26 17:00:00
2018-03-26 19:00:00,3816.1001668659674,2732.1790385116806,4877.625808664826,3000,2018-03-26 18:00:00
2018-03-26 20:00:00,3080.4833198981137,2022.615969613101,4174.434880774719,2500,2018-03-26 19:00:00
2018-03-26 21:00:00,2591.1199781017895,1512.6834256869438,3705.991955777597,2012,2018-03-26 20:00:00
2018-03-26 22:00:00,2288.792656731766,1227.6540813691022,3323.964965474007,1413,2018-03-26 21:00:00
2018-03-26 23:00:00,1953.91829778656,903.4570805826492,2926.8291899900214,877,2018-03-26 22:00:00
2018-03-27 00:00:00,1409.9723394848374,353.60597306484095,2496.780107884406,516,2018-03-26 23:00:00
2018-03-27 01:00:00,735.543257145951,-336.75636914329607,1728.5786186009084,313,2018-03-27 00:00:00
2018-03-27 02:00:00,295.1311672039069,-883.0372464083404,1309.349584525759,249,2018-03-27 01:00:00
2018-03-27 03:00:00,473.0889890424978,-517.7723281545009,1569.2619622204834,344,2018-03-27 02:00:00
2018-03-27 04:00:00,1380.7021685558507,309.10116939124475,2457.88514265999,879,2018-03-27 03:00:00
2018-03-27 05:00:00,2733.5096511334223,1653.4109460430357,3879.116443552436,2781,2018-03-27 04:00:00
2018-03-27 06:00:00,4013.6257409259533,2887.3796943709394,5080.337974374075,5421,2018-03-27 05:00:00
2018-03-27 07:00:00,4823.304200879012,3762.1515140583238,5892.538468921163,6696,2018-03-27 06:00:00
2018-03-27 08:00:00,5035.3359032074995,3932.286988742583,6149.06430105056,5970,2018-03-27 07:00:00
2018-03-27 09:00:00,4861.327010004941,3836.1129146606063,5925.121346325466,5088,2018-03-27 08:00:00
2018-03-27 10:00:00,4637.901476981378,3516.7057084710646,5759.697480847825,4388,2018-03-27 09:00:00
2018-03-27 11:00:00,4577.645058644734,3567.170451961034,5542.326790516843,4466,2018-03-27 10:00:00
2018-03-27 12:00:00,4753.920193889839,3699.5489796173397,5884.794954649729,5025,2018-03-27 11:00:00
2018-03-27 13:00:00,5083.91070678735,4012.2481224713415,6157.341340920991,4793,2018-03-27 12:00:00
2018-03-27 14:00:00,5446.330965123878,4331.562971834868,6493.023562831099,5374,2018-03-27 13:00:00
2018-03-27 15:00:00,5711.20088135086,4604.364338931993,6796.5868613762395,5801,2018-03-27 14:00:00
2018-03-27 16:00:00,5736.1873990022505,4698.1438147118215,6853.464515636655,6868,2018-03-27 15:00:00
2018-03-27 17:00:00,5421.595731357122,4321.100452740642,6515.481009075428,6139,2018-03-27 16:00:00
2018-03-27 18:00:00,4768.5889281459295,3661.9259864674655,5925.02701453089,4715,2018-03-27 17:00:00
2018-03-27 19:00:00,3944.1676978736514,2919.7525553863215,5084.388518507292,3441,2018-03-27 18:00:00
2018-03-27 20:00:00,3199.7981430713576,2138.397458356309,4308.098583107444,2952,2018-03-27 19:00:00
2018-03-27 21:00:00,2701.878592261023,1588.8234413154012,3792.2473661653294,2415,2018-03-27 20:00:00
2018-03-27 22:00:00,2395.7491490958378,1370.861107651977,3480.882945502908,2058,2018-03-27 21:00:00
2018-03-27 23:00:00,2054.2039781941767,1030.9816356817496,3140.2789987351725,1060,2018-03-27 22:00:00
2018-03-28 00:00:00,1505.761663584459,456.96204731376093,2586.6662487639564,600,2018-03-27 23:00:00
2018-03-28 01:00:00,830.8792608609106,-272.21533733704234,1932.2218660878164,380,2018-03-28 00:00:00
2018-03-28 02:00:00,390.46526252554713,-684.1625271393757,1463.5604761291245,263,2018-03-28 01:00:00
2018-03-28 03:00:00,559.8454042969133,-523.9282558731487,1597.8556794064405,352,2018-03-28 02:00:00
2018-03-28 04:00:00,1461.6636831020985,366.0286835433236,2527.6442589623402,859,2018-03-28 03:00:00
2018-03-28 05:00:00,2814.79486743471,1756.3753101258808,3855.242654357498,2825,2018-03-28 04:00:00
2018-03-28 06:00:00,4100.263115721618,2943.276091465131,5161.744197677842,5355,2018-03-28 05:00:00
2018-03-28 07:00:00,4902.883199693246,3886.287190231443,5966.357354740539,6650,2018-03-28 06:00:00
2018-03-28 08:00:00,5113.3651637546,4053.8557696836533,6203.096026147177,6014,2018-03-28 07:00:00
2018-03-28 09:00:00,4936.091808850374,3920.025439988028,6032.324836511121,5082,2018-03-28 08:00:00
2018-03-28 10:00:00,4703.78632909114,3574.272041577273,5802.08670912798,4655,2018-03-28 09:00:00
2018-03-28 11:00:00,4649.331199438797,3614.587686099683,5642.611405115922,4775,2018-03-28 10:00:00
2018-03-28 12:00:00,4826.509173701048,3844.802590502646,5913.540802234115,5066,2018-03-28 11:00:00
2018-03-28 13:00:00,5156.312246131358,4079.641007507667,6279.091008807306,5197,2018-03-28 12:00:00
2018-03-28 14:00:00,5518.053563366174,4417.742900484901,6749.227051860808,5484,2018-03-28 13:00:00
2018-03-28 15:00:00,5780.517427620229,4735.628062711113,6829.645247323629,5938,2018-03-28 14:00:00
2018-03-28 16:00:00,5802.325388398913,4716.105861125412,6891.845245995797,6988,2018-03-28 15:00:00
2018-03-28 17:00:00,5485.393005282189,4478.895343624763,6549.81811896292,6540,2018-03-28 16:00:00
2018-03-28 18:00:00,4835.614102021527,3736.7885164954864,5883.256246965803,4918,2018-03-28 17:00:00
2018-03-28 19:00:00,4004.37018992235,2931.5423574573483,5095.51474125112,3392,2018-03-28 18:00:00
2018-03-28 20:00:00,3260.686134708339,2189.902556875504,4371.308928087059,3105,2018-03-28 19:00:00
2018-03-28 21:00:00,2759.178286319395,1790.4975259611297,3871.4141635296264,2616,2018-03-28 20:00:00
2018-03-28 22:00:00,2450.7118247121753,1354.3117249571326,3489.5725641232034,1736,2018-03-28 21:00:00
2018-03-28 23:00:00,2108.3077592146847,1031.9919829076637,3214.325496344697,1132,2018-03-28 22:00:00
2018-03-29 00:00:00,1559.1013933257484,492.34990520965016,2625.0079817047626,553,2018-03-28 23:00:00
2018-03-29 01:00:00,882.5274376068887,-106.78779982313606,2050.491396860974,354,2018-03-29 00:00:00
2018-03-29 02:00:00,439.646399330798,-607.6626527370634,1514.5096287919514,278,2018-03-29 01:00:00
2018-03-29 03:00:00,610.5764704454464,-526.3329415210721,1665.0052992762753,353,2018-03-29 02:00:00
2018-03-29 04:00:00,1509.2088009188851,432.0635476022481,2502.514002950314,859,2018-03-29 03:00:00
2018-03-29 05:00:00,2864.802912507689,1795.790594408539,3979.5409859657643,2804,2018-03-29 04:00:00
2018-03-29 06:00:00,4150.039778202279,3108.442631747925,5282.524476172749,5405,2018-03-29 05:00:00
2018-03-29 07:00:00,4956.54461717473,3903.258377167591,6066.802880520331,6460,2018-03-29 06:00:00
2018-03-29 08:00:00,5170.037101578921,4087.4546240340956,6230.420350852516,6002,2018-03-29 07:00:00
2018-03-29 09:00:00,4995.58425378987,3879.252504130645,6102.0681376539815,4995,2018-03-29 08:00:00
2018-03-29 10:00:00,4762.006229066577,3678.3370804581023,5792.925159149359,4579,2018-03-29 09:00:00
2018-03-29 11:00:00,4707.533153853307,3666.331147200658,5796.634059644529,5058,2018-03-29 10:00:00
2018-03-29 12:00:00,4888.972313975421,3778.6499918317377,5890.080918435384,5252,2018-03-29 11:00:00
2018-03-29 13:00:00,5223.409092173248,4132.8656416173635,6252.468604380176,5338,2018-03-29 12:00:00
2018-03-29 14:00:00,5590.650125289689,4602.371838284413,6661.839272438543,5562,2018-03-29 13:00:00
2018-03-29 15:00:00,5854.488911420149,4804.76475597224,6884.557016247542,6040,2018-03-29 14:00:00
2018-03-29 16:00:00,5884.374232124574,4753.12715030701,6921.137885235119,6573,2018-03-29 15:00:00
2018-03-29 17:00:00,5565.720889132217,4543.7854881987305,6598.283483936075,6034,2018-03-29 16:00:00
2018-03-29 18:00:00,4914.331403417026,3875.4970726239494,6013.786857092991,5050,2018-03-29 17:00:00
2018-03-29 19:00:00,4093.670967875425,2994.644413459758,5124.414820350318,3656,2018-03-29 18:00:00
2018-03-29 20:00:00,3347.5644020931195,2310.902269585119,4486.814391251138,3373,2018-03-29 19:00:00
2018-03-29 21:00:00,2849.682000510167,1796.939387688542,3985.897627525778,3584,2018-03-29 20:00:00
2018-03-29 22:00:00,2541.6604994621453,1431.1163345000834,3736.385661889299,3691,2018-03-29 21:00:00
2018-03-29 23:00:00,2209.999752484788,1203.392151761349,3286.423384096883,1484,2018-03-29 22:00:00
2018-03-30 00:00:00,1653.6936838196334,607.5387039991682,2755.8468534002873,817,2018-03-29 23:00:00
2018-03-30 01:00:00,976.0961120910747,-186.90133232762,2037.2111772324674,413,2018-03-30 00:00:00
2018-03-30 02:00:00,535.0299367404027,-524.9956873182705,1591.7827914218794,329,2018-03-30 01:00:00
2018-03-30 03:00:00,696.6574401273947,-392.126648366969,1815.2610678872534,359,2018-03-30 02:00:00
2018-03-30 04:00:00,1594.5728735575226,491.0325385656886,2720.7509049761406,749,2018-03-30 03:00:00
2018-03-30 05:00:00,2940.400918764349,1854.9428094043562,3900.9034649193036,2367,2018-03-30 04:00:00
2018-03-30 06:00:00,4216.954027299636,3161.9845977011814,5347.7131233294,4463,2018-03-30 05:00:00
2018-03-30 07:00:00,5009.443765818794,3906.279539119663,6061.165529982399,5449,2018-03-30 06:00:00
2018-03-30 08:00:00,5205.840381553653,4150.707076931503,6268.150950373651,5227,2018-03-30 07:00:00
2018-03-30 09:00:00,5013.460020690078,3894.2907261934065,6052.080970562775,4964,2018-03-30 08:00:00
2018-03-30 10:00:00,4763.4467887189785,3721.3528184794754,5798.339265929446,4892,2018-03-30 09:00:00
2018-03-30 11:00:00,4690.563799751485,3645.046883560178,5797.39362727053,5350,2018-03-30 10:00:00
2018-03-30 12:00:00,4851.331150005488,3715.0157003450054,5923.507250115423,5783,2018-03-30 11:00:00
2018-03-30 13:00:00,5163.904822809431,4114.97461584397,6260.552414424932,5589,2018-03-30 12:00:00
2018-03-30 14:00:00,5506.904714828423,4409.240155422517,6653.724965545971,5713,2018-03-30 13:00:00
2018-03-30 15:00:00,5744.832650789518,4678.745895606873,6669.370670704916,5936,2018-03-30 14:00:00
2018-03-30 16:00:00,5741.417465878469,4656.226413896192,6885.341402087473,6137,2018-03-30 15:00:00
2018-03-30 17:00:00,5393.775563704836,4333.472907724167,6463.797467086626,5289,2018-03-30 16:00:00
2018-03-30 18:00:00,4709.599202764466,3649.5318196479957,5762.347683655681,4573,2018-03-30 17:00:00
2018-03-30 19:00:00,3850.902720570404,2792.894709231998,4943.609815254931,3604,2018-03-30 18:00:00
2018-03-30 20:00:00,3072.2662031843697,2056.247348951757,4109.0666699404865,3233,2018-03-30 19:00:00
2018-03-30 21:00:00,2539.826095732873,1436.010825548985,3591.4963850519252,3024,2018-03-30 20:00:00
2018-03-30 22:00:00,2194.4485406322674,1083.0963053707317,3283.1981043948817,2358,2018-03-30 21:00:00
2018-03-30 23:00:00,1814.4418656451949,686.7840885470158,2845.19740474067,1685,2018-03-30 22:00:00
2018-03-31 00:00:00,1224.8102287699442,152.04010389093372,2327.7266613364613,963,2018-03-30 23:00:00
2018-03-31 01:00:00,517.7385817066374,-581.8320676026592,1519.8838370064736,580,2018-03-31 00:00:00
2018-03-31 02:00:00,33.753457834800884,-1060.846433828958,1097.0979295375698,485,2018-03-31 01:00:00
2018-03-31 03:00:00,162.02701394488486,-887.7427911286742,1260.519550816058,386,2018-03-31 02:00:00
2018-03-31 04:00:00,1031.1332922293677,-45.60575146890782,2176.3430818186885,352,2018-03-31 03:00:00
2018-03-31 05:00:00,2341.3467539871317,1208.9465104713856,3440.58496018977,588,2018-03-31 04:00:00
2018-03-31 06:00:00,3586.7279747071293,2581.9750580718996,4601.317940139674,1045,2018-03-31 05:00:00
2018-03-31 07:00:00,4340.975775220764,3314.307726975938,5435.443140355905,1556,2018-03-31 06:00:00
2018-03-31 08:00:00,4493.471173536848,3473.1922738837056,5517.2324822494065,2289,2018-03-31 07:00:00
2018-03-31 09:00:00,4266.4296141775885,3215.4354602929775,5312.6792883747585,3092,2018-03-31 08:00:00
2018-03-31 10:00:00,3986.8592576370484,2848.5798411261785,5058.057959101923,3629,2018-03-31 09:00:00
2018-03-31 11:00:00,3892.5131075727604,2826.396704744827,5033.189237464357,4051,2018-03-31 10:00:00
2018-03-31 12:00:00,4028.649618224679,2945.401591796726,5047.867943668647,4348,2018-03-31 11:00:00
2018-03-31 13:00:00,4327.238365276355,3233.422435428053,5448.505001012351,4337,2018-03-31 12:00:00
2018-03-31 14:00:00,4652.938921715583,3558.9575531403834,5694.634416142818,4548,2018-03-31 13:00:00
2018-03-31 15:00:00,4878.611992488889,3770.1563969521253,5973.798122628424,4400,2018-03-31 14:00:00
2018-03-31 16:00:00,4871.042840213186,3822.277970653385,5953.327068368746,4222,2018-03-31 15:00:00
2018-03-31 17:00:00,4522.256826931314,3553.945272870133,5550.517562295296,4155,2018-03-31 16:00:00
2018-03-31 18:00:00,3834.778958560778,2710.15750916396,4978.657098999692,3993,2018-03-31 17:00:00
2018-03-31 19:00:00,2990.1124745452134,1884.7446720743326,4095.1480460476027,3333,2018-03-31 18:00:00
2018-03-31 20:00:00,2221.217962358699,1146.0424240360871,3327.076525504579,2910,2018-03-31 19:00:00
2018-03-31 21:00:00,1702.9199609209227,625.9384211627422,2762.063392364029,2761,2018-03-31 20:00:00
2018-03-31 22:00:00,1378.528414968012,289.0723672082048,2453.0428975959753,2695,2018-03-31 21:00:00
2018-03-31 23:00:00,1023.0355219594053,-65.8524838153449,2120.196911121544,1771,2018-03-31 22:00:00
2018-04-01 00:00:00,464.21010310249494,-598.8219416240967,1606.4587555370558,1128,2018-03-31 23:00:00
2018-04-01 01:00:00,-215.58027885209276,-1230.2519494676083,905.2507402616463,652,2018-04-01 00:00:00
2018-04-01 02:00:00,-660.4548149564216,-1709.645219805987,409.1747816764736,520,2018-04-01 01:00:00
2018-04-01 03:00:00,-482.4012587032489,-1521.4404571204386,619.8335146644955,313,2018-04-01 02:00:00
2018-04-01 04:00:00,414.920203513494,-664.1408444544162,1521.5148052602854,249,2018-04-01 03:00:00
2018-04-01 05:00:00,1773.1462402710245,731.8590640591569,2836.10853781766,426,2018-04-01 04:00:00
2018-04-01 06:00:00,3066.2014996893395,1908.2082718420336,4064.1012056417803,751,2018-04-01 05:00:00
2018-04-01 07:00:00,3870.95066924465,2784.2421986158524,4973.4962644253155,978,2018-04-01 06:00:00
2018-04-01 08:00:00,4077.889417256003,3051.3351831951322,5082.138948937961,1718,2018-04-01 07:00:00
2018-04-01 09:00:00,3902.631888143909,2741.0293973331836,4964.957154670893,2444,2018-04-01 08:00:00
2018-04-01 10:00:00,3680.6110881567533,2602.3372203651898,4788.745339318358,3306,2018-04-01 09:00:00
2018-04-01 11:00:00,3639.6483853226005,2565.2144402038207,4758.187776589549,3641,2018-04-01 10:00:00
2018-04-01 12:00:00,3835.41601197042,2779.3512312295743,4882.834052162078,3964,2018-04-01 11:00:00
2018-04-01 13:00:00,4188.335743008411,3203.4616365767215,5240.380317004502,4043,2018-04-01 12:00:00
2018-04-01 14:00:00,4573.708679269773,3471.1245670203675,5710.463727487685,3996,2018-04-01 13:00:00
2018-04-01 15:00:00,4854.2288068179605,3762.862426700858,5862.98595357994,4102,2018-04-01 14:00:00
2018-04-01 16:00:00,4903.585075930493,3896.109097082403,5973.224499484547,4679,2018-04-01 15:00:00
2018-04-01 17:00:00,4606.986195790618,3541.7847919093933,5643.074497240415,4569,2018-04-01 16:00:00
2018-04-01 18:00:00,3981.8682971696344,2863.144196593206,5049.855609222512,4424,2018-04-01 17:00:00
2018-04-01 19:00:00,3180.004192514971,2120.1493097362595,4255.690067175999,3892,2018-04-01 18:00:00
2018-04-01 20:00:00,2472.9310157934374,1423.8184828747148,3545.098640149519,3320,2018-04-01 19:00:00
2018-04-01 21:00:00,2001.5847597500735,963.6308391794716,3083.9004475771544,2545,2018-04-01 20:00:00
2018-04-01 22:00:00,1721.54976029856,643.9127965967643,2825.837064512453,1682,2018-04-01 21:00:00
2018-04-01 23:00:00,1412.3458997970513,380.37049956654363,2412.06300848821,952,2018-04-01 22:00:00
2018-04-02 00:00:00,892.0756034628148,-230.68944126007432,1961.689053417683,543,2018-04-01 23:00:00
2018-04-02 01:00:00,248.69690139307886,-905.6140364989112,1298.1731000794136,311,2018-04-02 00:00:00
2018-04-02 02:00:00,-167.27181869390324,-1282.9562563006627,895.1337580009952,246,2018-04-02 01:00:00
2018-04-02 03:00:00,34.882567072468646,-1055.0932485717792,1102.490787979479,352,2018-04-02 02:00:00
2018-04-02 04:00:00,962.164195629578,-80.52238901020269,2017.8723443008714,807,2018-04-02 03:00:00
2018-04-02 05:00:00,2337.8401204299307,1258.407113521211,3422.1165498965997,2683,2018-04-02 04:00:00
2018-04-02 06:00:00,3651.1495618370946,2586.9658786095956,4787.14316069674,5147,2018-04-02 05:00:00
2018-04-02 07:00:00,4480.201074500174,3420.4626999106217,5537.351193568025,6148,2018-04-02 06:00:00
2018-04-02 08:00:00,4714.044608876427,3675.7260553042524,5798.4129413657265,5557,2018-04-02 07:00:00
2018-04-02 09:00:00,4562.643101508449,3433.915333193121,5599.078336062368,4776,2018-04-02 08:00:00
2018-04-02 10:00:00,4350.298738141393,3290.6221451694505,5460.727913059956,4397,2018-04-02 09:00:00
2018-04-02 11:00:00,4317.285739655327,3196.547152832146,5347.130606380463,4509,2018-04-02 10:00:00
2018-04-02 12:00:00,4515.563971777943,3373.7399382510152,5600.586068335192,4947,2018-04-02 11:00:00
2018-04-02 13:00:00,4862.215507845451,3722.5676042645964,6030.487894945458,4895,2018-04-02 12:00:00
2018-04-02 14:00:00,5241.057738325039,4155.314533906905,6324.7938789738155,4750,2018-04-02 13:00:00
2018-04-02 15:00:00,5514.940624375557,4477.845630844214,6598.465584933628,4949,2018-04-02 14:00:00
2018-04-02 16:00:00,5551.42082113384,4465.414033144939,6696.77546096365,6000,2018-04-02 15:00:00
2018-04-02 17:00:00,5248.893409412827,4206.914261816486,6365.565369125632,5301,2018-04-02 16:00:00
2018-04-02 18:00:00,4601.648614394106,3532.7204363612054,5651.565444532831,3893,2018-04-02 17:00:00
2018-04-02 19:00:00,3787.608246812384,2771.2761005391353,4857.205511974891,2521,2018-04-02 18:00:00
2018-04-02 20:00:00,3050.2654813134704,1924.4106223256156,4093.6675474463004,2159,2018-04-02 19:00:00
2018-04-02 21:00:00,2558.36567621959,1405.0120825886975,3641.2065526859196,2702,2018-04-02 20:00:00
2018-04-02 22:00:00,2253.7694035599843,1212.9843852752674,3347.7150408126267,2359,2018-04-02 21:00:00
2018-04-02 23:00:00,1919.0308916737167,876.4583885687355,2992.808580841774,1040,2018-04-02 22:00:00
2018-04-03 00:00:00,1377.4815192242363,298.76909759597805,2409.758983520448,552,2018-04-02 23:00:00
2018-04-03 01:00:00,710.9964483601416,-383.7263349755751,1818.0771591838575,346,2018-04-03 00:00:00
2018-04-03 02:00:00,265.0327078988448,-755.5095550606786,1421.9567078507298,277,2018-04-03 01:00:00
2018-04-03 03:00:00,442.92656826890106,-681.9741032989261,1448.4839324324282,329,2018-04-03 02:00:00
2018-04-03 04:00:00,1347.9637835859378,261.477618124544,2418.5905674097753,836,2018-04-03 03:00:00
2018-04-03 05:00:00,2697.1745405950687,1555.442485441219,3808.1336483970294,2555,2018-04-03 04:00:00
2018-04-03 06:00:00,3986.0607231125755,2961.6072860484746,5104.378040725559,4311,2018-04-03 05:00:00
2018-04-03 07:00:00,4787.639854504079,3702.11916860457,5817.537178091673,4096,2018-04-03 06:00:00
2018-04-03 08:00:00,4995.654255043068,3969.0821137681555,6097.0444065261345,4790,2018-04-03 07:00:00
2018-04-03 09:00:00,4818.606489294195,3704.111958837169,5945.14786070473,3893,2018-04-03 08:00:00
2018-04-03 10:00:00,4587.7797080517985,3522.63942492094,5684.715433597057,3403,2018-04-03 09:00:00
2018-04-03 11:00:00,4531.099394177469,3412.1454875283926,5593.087977794281,3587,2018-04-03 10:00:00
2018-04-03 12:00:00,4707.436607013629,3695.939549518252,5740.5486549458055,3822,2018-04-03 11:00:00
2018-04-03 13:00:00,5038.8062993483,4020.1458046524795,6124.855891500998,3917,2018-04-03 12:00:00
2018-04-03 14:00:00,5404.142465407531,4316.8804348123385,6548.034207591263,4058,2018-04-03 13:00:00
2018-04-03 15:00:00,5656.102219482949,4534.092657603908,6679.86554482859,4689,2018-04-03 14:00:00
2018-04-03 16:00:00,5678.397676989132,4596.205412799338,6747.4985283074075,4930,2018-04-03 15:00:00
2018-04-03 17:00:00,5358.998855998852,4292.996421734812,6414.063449252157,4207,2018-04-03 16:00:00
2018-04-03 18:00:00,4702.011771941694,3600.138727179364,5774.378418167592,2887,2018-04-03 17:00:00
2018-04-03 19:00:00,3875.4557140296097,2740.527438919676,4975.672023498311,1834,2018-04-03 18:00:00
2018-04-03 20:00:00,3130.3776579931387,2119.130197193903,4237.056297695825,1703,2018-04-03 19:00:00
2018-04-03 21:00:00,2631.409462396412,1594.2972785945212,3724.2055671511853,1450,2018-04-03 20:00:00
2018-04-03 22:00:00,2319.3254587154106,1308.8259231815543,3369.2885496420768,1511,2018-04-03 21:00:00
2018-04-03 23:00:00,1974.6193121385122,844.1795360343809,3042.395485097851,1271,2018-04-03 22:00:00
2018-04-04 00:00:00,1423.9067148782397,323.41825690188284,2499.625757546136,501,2018-04-03 23:00:00
2018-04-04 01:00:00,756.4802943424083,-242.96000668276136,1826.4681415487364,327,2018-04-04 00:00:00
2018-04-04 02:00:00,309.83903642961286,-800.9819348466723,1399.325911566636,259,2018-04-04 01:00:00
2018-04-04 03:00:00,483.73669651880937,-626.9633367505382,1548.89689953534,337,2018-04-04 02:00:00
2018-04-04 04:00:00,1385.9494217769472,295.5693634274411,2432.3657490312576,821,2018-04-04 03:00:00
2018-04-04 05:00:00,2733.519636555181,1671.939924914129,3784.7679484213686,2580,2018-04-04 04:00:00
2018-04-04 06:00:00,4019.604452119809,2968.5376411391544,5153.595303396936,4551,2018-04-04 05:00:00
2018-04-04 07:00:00,4822.136658769616,3775.1559964709622,5854.528497757195,4979,2018-04-04 06:00:00
2018-04-04 08:00:00,5026.896433295997,3939.0078459456386,6069.051940147745,4778,2018-04-04 07:00:00
2018-04-04 09:00:00,4849.489784463138,3754.942467138693,5825.415375883157,5252,2018-04-04 08:00:00
2018-04-04 10:00:00,4617.7014573352135,3453.9196708034146,5698.791077868564,4717,2018-04-04 09:00:00
2018-04-04 11:00:00,4562.024573224206,3519.9073386744167,5636.798665347362,4590,2018-04-04 10:00:00
2018-04-04 12:00:00,4739.292307090674,3616.691434578469,5840.579609245359,4749,2018-04-04 11:00:00
2018-04-04 13:00:00,5070.414322928328,3896.681697036619,6121.454679754041,4793,2018-04-04 12:00:00
2018-04-04 14:00:00,5428.591568135167,4349.808980159999,6519.984970562698,4903,2018-04-04 13:00:00
2018-04-04 15:00:00,5691.596221790822,4535.499890683361,6754.796791434935,5491,2018-04-04 14:00:00
2018-04-04 16:00:00,5712.153305780802,4647.2966350404995,6866.158331384363,6500,2018-04-04 15:00:00
2018-04-04 17:00:00,5391.862916835555,4332.537407933607,6424.576035855172,5898,2018-04-04 16:00:00
2018-04-04 18:00:00,4738.30308962538,3664.10500724174,5824.132286641116,4539,2018-04-04 17:00:00
2018-04-04 19:00:00,3911.526029283429,2872.1814990216444,4993.027001176094,3400,2018-04-04 18:00:00
2018-04-04 20:00:00,3167.2050723121256,2108.456486068171,4188.621736193483,3022,2018-04-04 19:00:00
2018-04-04 21:00:00,2668.8016119096633,1590.7745824770275,3693.3319873672444,2444,2018-04-04 20:00:00
2018-04-04 22:00:00,2359.004571754655,1354.466827613237,3490.849086081431,1885,2018-04-04 21:00:00
2018-04-04 23:00:00,2013.5720439014979,976.5594552784618,3076.267351038312,1097,2018-04-04 22:00:00
2018-04-05 00:00:00,1467.0421714996924,347.7423282407824,2607.9421582868645,640,2018-04-04 23:00:00
2018-04-05 01:00:00,790.8039143279925,-312.190163273322,1815.7653304897478,384,2018-04-05 00:00:00
2018-04-05 02:00:00,347.9741728057843,-722.2585895519896,1429.1466849784524,280,2018-04-05 01:00:00
2018-04-05 03:00:00,520.0392264915963,-524.8399511750108,1598.803520888231,352,2018-04-05 02:00:00
2018-04-05 04:00:00,1422.2416161294352,299.06411102113316,2413.933762404328,910,2018-04-05 03:00:00
2018-04-05 05:00:00,2776.17634265329,1648.0169130221534,3837.9999932073474,2815,2018-04-05 04:00:00
2018-04-05 06:00:00,4058.3307585141706,2987.554775678324,5212.251594305655,5560,2018-04-05 05:00:00
2018-04-05 07:00:00,4859.118315842903,3736.489785322743,5968.831846548603,6297,2018-04-05 06:00:00
2018-04-05 08:00:00,5078.192973984342,3967.253868423642,6148.7004844660405,5887,2018-04-05 07:00:00
2018-04-05 09:00:00,4900.659798060206,3844.652220431086,6033.122618131868,5389,2018-04-05 08:00:00
2018-04-05 10:00:00,4670.473490567927,3586.164833360154,5778.519121555227,4663,2018-04-05 09:00:00
2018-04-05 11:00:00,4618.219157710781,3548.118447084539,5671.159988153067,5078,2018-04-05 10:00:00
2018-04-05 12:00:00,4796.316650816833,3722.02588013524,5848.871550410833,5535,2018-04-05 11:00:00
2018-04-05 13:00:00,5133.504738297991,4002.2181331268475,6243.579420214777,5492,2018-04-05 12:00:00
2018-04-05 14:00:00,5498.582707941368,4463.422333840703,6591.692264262752,5535,2018-04-05 13:00:00
2018-04-05 15:00:00,5762.928768715991,4727.657740581892,6794.474360721565,5705,2018-04-05 14:00:00
2018-04-05 16:00:00,5789.493835253914,4738.7858403529335,6851.500652257198,6642,2018-04-05 15:00:00
2018-04-05 17:00:00,5474.167366000042,4479.185215587788,6486.864697339889,6476,2018-04-05 16:00:00
2018-04-05 18:00:00,4823.202892153725,3795.112351201373,5956.206533625199,4992,2018-04-05 17:00:00
2018-04-05 19:00:00,4000.6226789055486,2935.697533663507,5043.536556651136,3322,2018-04-05 18:00:00
2018-04-05 20:00:00,3257.0019622495915,2201.6965305740846,4393.429636130584,3288,2018-04-05 19:00:00
2018-04-05 21:00:00,2759.9779073470004,1671.3241795229724,3849.122394438364,2888,2018-04-05 20:00:00
2018-04-05 22:00:00,2451.548458870161,1407.2977939698226,3505.552578048184,2422,2018-04-05 21:00:00
2018-04-05 23:00:00,2108.009759101292,1011.4069484180229,3208.3829264076358,2390,2018-04-05 22:00:00
2018-04-06 00:00:00,1554.8340227177632,463.5951357384906,2630.774653488689,932,2018-04-05 23:00:00
2018-04-06 01:00:00,885.9346129484611,-162.28392548050005,1959.6447575394932,514,2018-04-06 00:00:00
2018-04-06 02:00:00,431.0820713150206,-718.5553334339721,1495.3519063477638,312,2018-04-06 01:00:00
2018-04-06 03:00:00,606.219484143824,-441.2981414642092,1642.3189576689033,363,2018-04-06 02:00:00
2018-04-06 04:00:00,1498.724871011168,370.8746408393255,2543.8404790371933,879,2018-04-06 03:00:00
2018-04-06 05:00:00,2845.3087358786697,1792.4947950129367,3887.1378413140196,2687,2018-04-06 04:00:00
2018-04-06 06:00:00,4121.291823874573,3065.285908061772,5243.986544906398,5211,2018-04-06 05:00:00
2018-04-06 07:00:00,4914.350216159843,3938.760397447431,6031.6947163361765,6253,2018-04-06 06:00:00
2018-04-06 08:00:00,5115.628706757813,4111.76771181404,6180.609072895321,5738,2018-04-06 07:00:00
2018-04-06 09:00:00,4923.024848718826,3814.701758017467,6013.57120318067,5067,2018-04-06 08:00:00
2018-04-06 10:00:00,4673.64291227663,3652.6803682778154,5711.737334864416,4748,2018-04-06 09:00:00
2018-04-06 11:00:00,4601.206898068226,3623.652519817094,5731.54634641072,5022,2018-04-06 10:00:00
2018-04-06 12:00:00,4761.852346981625,3653.1913011870624,5879.842808461588,5409,2018-04-06 11:00:00
2018-04-06 13:00:00,5073.064792625053,4027.916417851337,6171.993968084792,5298,2018-04-06 12:00:00
2018-04-06 14:00:00,5412.15300495201,4235.438805783001,6553.155368782127,5363,2018-04-06 13:00:00
2018-04-06 15:00:00,5650.204196689501,4543.380023934793,6742.371360534584,5786,2018-04-06 14:00:00
2018-04-06 16:00:00,5648.327745436291,4627.2861408065955,6771.654113682801,6525,2018-04-06 15:00:00
2018-04-06 17:00:00,5301.21155628759,4217.45099123742,6366.092420762573,5735,2018-04-06 16:00:00
2018-04-06 18:00:00,4616.741545289683,3572.0570753505367,5749.201043125755,4863,2018-04-06 17:00:00
2018-04-06 19:00:00,3759.410398784565,2730.8989187503425,4813.457387414144,3923,2018-04-06 18:00:00
2018-04-06 20:00:00,2981.710779934082,1930.0445241401267,4055.267198644044,3193,2018-04-06 19:00:00
2018-04-06 21:00:00,2448.155370040488,1280.7360251847535,3460.2373959399524,3031,2018-04-06 20:00:00
2018-04-06 22:00:00,2105.1049954258933,970.8638868240965,3128.848080669678,2992,2018-04-06 21:00:00
2018-04-06 23:00:00,1725.175896805758,673.2236920921252,2910.1407931523718,2205,2018-04-06 22:00:00
2018-04-07 00:00:00,1135.4464839269506,27.22608327430799,2161.5186816227438,1196,2018-04-06 23:00:00
2018-04-07 01:00:00,425.55685867776265,-653.877813412443,1415.5881099113158,657,2018-04-07 00:00:00
2018-04-07 02:00:00,-51.83970452727044,-1101.0764518171416,1132.5933702571476,496,2018-04-07 01:00:00
2018-04-07 03:00:00,75.0301006067566,-965.978530066546,1112.3955112012545,381,2018-04-07 02:00:00
2018-04-07 04:00:00,937.264458448713,-104.43896155256833,2060.974436573152,342,2018-04-07 03:00:00
2018-04-07 05:00:00,2248.8931144682447,1223.084838527578,3354.0082682711663,643,2018-04-07 04:00:00
2018-04-07 06:00:00,3496.298054312734,2375.7203586360342,4624.800252242411,1221,2018-04-07 05:00:00
2018-04-07 07:00:00,4244.855361904662,3199.669465313751,5255.470249868894,1995,2018-04-07 06:00:00
2018-04-07 08:00:00,4402.865339621985,3289.0505177920486,5484.6993291501385,3074,2018-04-07 07:00:00
2018-04-07 09:00:00,4176.44681042227,2990.232121219839,5236.748529880473,3960,2018-04-07 08:00:00
2018-04-07 10:00:00,3902.775270100878,2800.966983190433,4993.459434794621,4304,2018-04-07 09:00:00
2018-04-07 11:00:00,3806.61301822753,2706.4913123833385,4883.930396690243,4771,2018-04-07 10:00:00
2018-04-07 12:00:00,3949.3369924355075,2958.3001613439783,5067.163416306723,5298,2018-04-07 11:00:00
2018-04-07 13:00:00,4245.338649375277,3197.91263172478,5278.240251874214,5126,2018-04-07 12:00:00
2018-04-07 14:00:00,4577.390787837053,3545.2561847000943,5700.252693331666,5237,2018-04-07 13:00:00
2018-04-07 15:00:00,4804.0255710374095,3663.6470050473586,5804.085789625404,4908,2018-04-07 14:00:00
2018-04-07 16:00:00,4794.81535583149,3743.522674218824,5887.730414842512,5118,2018-04-07 15:00:00
2018-04-07 17:00:00,4446.885635517519,3427.514076163603,5543.845301961615,5441,2018-04-07 16:00:00
2018-04-07 18:00:00,3764.7404991419767,2732.690734224042,4926.949339921044,5019,2018-04-07 17:00:00
2018-04-07 19:00:00,2917.469431718442,1847.7647000446666,3954.834833557833,3699,2018-04-07 18:00:00
2018-04-07 20:00:00,2151.590079525962,1080.9806112801691,3250.395437287904,3079,2018-04-07 19:00:00
2018-04-07 21:00:00,1634.4881156895874,524.8305829595403,2613.5021042573117,4104,2018-04-07 20:00:00
2018-04-07 22:00:00,1314.8394753365308,331.873900743314,2465.259160150376,4107,2018-04-07 21:00:00
2018-04-07 23:00:00,961.5743467527723,-30.625419333881656,2033.2275407748639,2740,2018-04-07 22:00:00
2018-04-08 00:00:00,403.4864978801147,-732.8846928613534,1491.521851128347,1578,2018-04-07 23:00:00
2018-04-08 01:00:00,-275.0953840699667,-1358.867609863902,775.3968450857911,844,2018-04-08 00:00:00
2018-04-08 02:00:00,-720.5993556269282,-1738.6736934930311,340.8032205355689,649,2018-04-08 01:00:00
2018-04-08 03:00:00,-549.0365038801756,-1636.2943918790706,522.829251786016,401,2018-04-08 02:00:00
2018-04-08 04:00:00,358.5491205962003,-715.7996986464212,1466.9317460952432,295,2018-04-08 03:00:00
2018-04-08 05:00:00,1711.4749924626024,662.0342536135429,2751.200293696697,441,2018-04-08 04:00:00
2018-04-08 06:00:00,3004.0241998338915,1870.842385086863,4165.375659063976,976,2018-04-08 05:00:00
2018-04-08 07:00:00,3806.274930135424,2775.6618975446268,4833.169151565153,1357,2018-04-08 06:00:00
2018-04-08 08:00:00,4019.486366186244,2927.2465749846974,5127.822204827631,1910,2018-04-08 07:00:00
2018-04-08 09:00:00,3846.5474113538985,2724.583535003734,4897.6498155694535,2736,2018-04-08 08:00:00
2018-04-08 10:00:00,3624.878006153342,2546.189012001407,4664.805826095818,3401,2018-04-08 09:00:00
2018-04-08 11:00:00,3587.0245228912686,2475.1631316434286,4686.000295067879,3961,2018-04-08 10:00:00
2018-04-08 12:00:00,3781.090131890744,2693.172811830914,4863.941423627534,4483,2018-04-08 11:00:00
2018-04-08 13:00:00,4133.822013824796,3048.109743133589,5236.906453621463,4423,2018-04-08 12:00:00
2018-04-08 14:00:00,4518.119932126709,3475.2101216373653,5548.2578780326185,4272,2018-04-08 13:00:00
2018-04-08 15:00:00,4804.026512738762,3695.912979292518,5801.307870505722,4083,2018-04-08 14:00:00
2018-04-08 16:00:00,4850.041770805355,3865.209921102155,5974.439338018445,4389,2018-04-08 15:00:00
2018-04-08 17:00:00,4555.961213827666,3497.311944159086,5633.400967764597,3687,2018-04-08 16:00:00
2018-04-08 18:00:00,3927.012047932185,2745.897539364123,4941.36380957493,3224,2018-04-08 17:00:00
2018-04-08 19:00:00,3127.20705879181,1986.08496308213,4248.416560892316,2455,2018-04-08 18:00:00
2018-04-08 20:00:00,2412.0886594519116,1259.60095053971,3478.6170380173544,2145,2018-04-08 19:00:00
2018-04-08 21:00:00,1943.8014180830564,854.5992386582005,3009.2101726049095,1799,2018-04-08 20:00:00
2018-04-08 22:00:00,1662.4317307799654,556.2275082511301,2676.310892824731,1425,2018-04-08 21:00:00
2018-04-08 23:00:00,1351.847159371896,242.00161118401758,2476.0405036114935,992,2018-04-08 22:00:00
2018-04-09 00:00:00,825.3256504455471,-282.1497205968,1970.9649039966819,427,2018-04-08 23:00:00
2018-04-09 01:00:00,183.40578283676768,-887.3793937049961,1264.367074850466,315,2018-04-09 00:00:00
2018-04-09 02:00:00,-231.2714585665044,-1292.0090465882563,814.3691716193241,251,2018-04-09 01:00:00
2018-04-09 03:00:00,-29.826894673143215,-1076.8611527737771,1101.1667175503344,339,2018-04-09 02:00:00
2018-04-09 04:00:00,899.9862697789936,-166.11574659670234,2005.5999377633716,869,2018-04-09 03:00:00
2018-04-09 05:00:00,2275.050151284827,1266.5687518322534,3370.649717268496,2704,2018-04-09 04:00:00
2018-04-09 06:00:00,3586.4468773706067,2487.8182977097094,4682.806344046368,5192,2018-04-09 05:00:00
2018-04-09 07:00:00,4417.148937075145,3340.5927125325325,5452.722148934849,6110,2018-04-09 06:00:00
2018-04-09 08:00:00,4651.368531773967,3646.373698517667,5760.848845209473,5824,2018-04-09 07:00:00
2018-04-09 09:00:00,4500.927841346857,3446.2425688821872,5629.536106534904,4933,2018-04-09 08:00:00
2018-04-09 10:00:00,4290.389103760516,3222.0862583664557,5468.897310106732,4149,2018-04-09 09:00:00
2018-04-09 11:00:00,4257.769873309815,3131.038542772367,5376.969548144256,4276,2018-04-09 10:00:00
2018-04-09 12:00:00,4451.548122143441,3359.8723295741493,5624.13482188782,4516,2018-04-09 11:00:00
2018-04-09 13:00:00,4800.547982691665,3678.6909802511973,5897.9443246573765,4633,2018-04-09 12:00:00
2018-04-09 14:00:00,5176.404851147444,4053.5446225749683,6282.187090124818,5093,2018-04-09 13:00:00
2018-04-09 15:00:00,5454.117016230939,4373.5310444432325,6543.698215418675,5769,2018-04-09 14:00:00
2018-04-09 16:00:00,5491.519838583825,4344.683643787725,6607.64787174163,6719,2018-04-09 15:00:00
2018-04-09 17:00:00,5188.874012558455,4152.685697061563,6280.437611082169,6244,2018-04-09 16:00:00
2018-04-09 18:00:00,4546.475980568106,3435.1295911863117,5691.761209012867,4640,2018-04-09 17:00:00
2018-04-09 19:00:00,3728.5206966224864,2588.8576646619845,4834.325433877085,3073,2018-04-09 18:00:00
2018-04-09 20:00:00,2995.967879997505,1936.6510847505242,4086.371481040519,2635,2018-04-09 19:00:00
2018-04-09 21:00:00,2506.1441743457844,1361.3171689760825,3544.405320231659,2048,2018-04-09 20:00:00
2018-04-09 22:00:00,2201.3950773210877,1128.6945397534782,3246.9358002841072,1521,2018-04-09 21:00:00
2018-04-09 23:00:00,1863.9533592224336,804.6169484043116,2981.5345699252844,983,2018-04-09 22:00:00
2018-04-10 00:00:00,1317.7111026362256,299.7694297263644,2344.1648220609195,530,2018-04-09 23:00:00
2018-04-10 01:00:00,646.510289134415,-373.95212890850405,1738.236304961462,333,2018-04-10 00:00:00
2018-04-10 02:00:00,205.91967782937263,-810.5293692031381,1260.9593097218117,235,2018-04-10 01:00:00
2018-04-10 03:00:00,383.3191969741192,-781.6975453049024,1443.0418266933373,358,2018-04-10 02:00:00
2018-04-10 04:00:00,1287.4492216944097,196.6181773661069,2299.165626348189,905,2018-04-10 03:00:00
2018-04-10 05:00:00,2639.3968228182553,1627.832177927378,3712.2410036738,2902,2018-04-10 04:00:00
2018-04-10 06:00:00,3924.6663028040703,2769.186935887211,5028.2499461894495,5806,2018-04-10 05:00:00
2018-04-10 07:00:00,4734.585485551354,3623.361752341675,5835.188010010989,6708,2018-04-10 06:00:00
2018-04-10 08:00:00,4951.385129995466,3880.5670273649516,6072.259254853846,6190,2018-04-10 07:00:00
2018-04-10 09:00:00,4775.045955865593,3711.2426475214224,5895.057010423689,5221,2018-04-10 08:00:00
2018-04-10 10:00:00,4543.740816989894,3457.2416518771856,5646.9424173345315,4436,2018-04-10 09:00:00
2018-04-10 11:00:00,4489.979509647832,3469.1969128426463,5610.247910375493,4714,2018-04-10 10:00:00
2018-04-10 12:00:00,4667.47170695877,3659.8586161176986,5772.1388401239765,4850,2018-04-10 11:00:00
2018-04-10 13:00:00,4999.845501751457,4019.091655144955,6090.619290686554,5099,2018-04-10 12:00:00
2018-04-10 14:00:00,5361.63625974294,4340.847452638486,6509.3700965851485,5315,2018-04-10 13:00:00
2018-04-10 15:00:00,5625.5313643492,4572.918308347054,6736.218649325779,5784,2018-04-10 14:00:00
2018-04-10 16:00:00,5650.299286925312,4540.3376896755935,6730.819225893892,7013,2018-04-10 15:00:00
2018-04-10 17:00:00,5339.170593905077,4183.6990978378335,6374.825431819071,6304,2018-04-10 16:00:00
2018-04-10 18:00:00,4681.146525352072,3625.0159504507915,5751.9115152899685,4606,2018-04-10 17:00:00
2018-04-10 19:00:00,3859.448897631426,2765.0408808558877,4933.747367809048,3190,2018-04-10 18:00:00
2018-04-10 20:00:00,3113.0102477562164,2112.6869284012187,4239.63791729247,2829,2018-04-10 19:00:00
2018-04-10 21:00:00,2613.518773658049,1457.634807120455,3674.1675880674807,2337,2018-04-10 20:00:00
2018-04-10 22:00:00,2304.676692920528,1241.9278163969416,3415.889824593488,1738,2018-04-10 21:00:00
2018-04-10 23:00:00,1965.3953488127845,891.503629330709,3067.951539808717,1007,2018-04-10 22:00:00
2018-04-11 00:00:00,1417.885689794579,397.59150595954543,2522.8363949721147,562,2018-04-10 23:00:00
2018-04-11 01:00:00,741.9274700827586,-318.76189787118557,1791.3934303883311,344,2018-04-11 00:00:00
2018-04-11 02:00:00,297.2418447266182,-769.9764617012788,1371.7943001975632,259,2018-04-11 01:00:00
2018-04-11 03:00:00,467.6546691773997,-590.913696955946,1543.0692880799866,374,2018-04-11 02:00:00
2018-04-11 04:00:00,1370.4122422571793,265.36587348059896,2365.1482466604944,886,2018-04-11 03:00:00
2018-04-11 05:00:00,2724.349359700743,1685.645094712906,3766.040251565005,2843,2018-04-11 04:00:00
2018-04-11 06:00:00,4007.1122519560745,2875.866937411626,5061.2426795306055,5670,2018-04-11 05:00:00
2018-04-11 07:00:00,4815.866841206258,3680.912399484055,5845.982417553327,6495,2018-04-11 06:00:00
2018-04-11 08:00:00,5027.889189653947,4045.6652713894136,6126.283062399119,5887,2018-04-11 07:00:00
2018-04-11 09:00:00,4853.374828405833,3786.8335482893244,5862.727212140165,5581,2018-04-11 08:00:00
2018-04-11 10:00:00,4623.155834204535,3493.709842150517,5755.667069614654,4791,2018-04-11 09:00:00
2018-04-11 11:00:00,4569.731476085727,3519.361531635407,5656.978182928993,5123,2018-04-11 10:00:00
2018-04-11 12:00:00,4748.349630225744,3752.703368749998,5815.154312890013,4964,2018-04-11 11:00:00
2018-04-11 13:00:00,5075.456278809843,4026.2903689364853,6186.273308491862,4982,2018-04-11 12:00:00
2018-04-11 14:00:00,5439.1439827672675,4349.449984751472,6483.44886944712,5169,2018-04-11 13:00:00
2018-04-11 15:00:00,5699.908611777188,4618.882990004133,6780.28947134251,5768,2018-04-11 14:00:00
2018-04-11 16:00:00,5721.644573973279,4626.862083268934,6845.187781308266,6988,2018-04-11 15:00:00
2018-04-11 17:00:00,5408.699166711487,4328.775346457659,6422.935562953153,6744,2018-04-11 16:00:00
2018-04-11 18:00:00,4751.564191193551,3749.9622265999024,5863.300497982759,4955,2018-04-11 17:00:00
2018-04-11 19:00:00,3925.489310342361,2924.4476535393637,5018.296994860333,3308,2018-04-11 18:00:00
2018-04-11 20:00:00,3179.877761387259,2039.5482695570872,4341.337201896171,2804,2018-04-11 19:00:00
2018-04-11 21:00:00,2677.694302537918,1681.8320420945186,3783.881875990009,2418,2018-04-11 20:00:00
2018-04-11 22:00:00,2369.892444142345,1377.8251746049198,3396.371196320697,1603,2018-04-11 21:00:00
2018-04-11 23:00:00,2023.629554478256,977.8886026802038,3100.743186398696,1099,2018-04-11 22:00:00
2018-04-12 00:00:00,1473.1346562626159,438.3844382102184,2641.2942042844256,531,2018-04-11 23:00:00
2018-04-12 01:00:00,793.442544587248,-258.97690408184707,1869.3015708972632,310,2018-04-12 00:00:00
2018-04-12 02:00:00,352.52050494196965,-699.6635854868741,1415.1578610052097,291,2018-04-12 01:00:00
2018-04-12 03:00:00,525.0297139782792,-565.8338311493003,1642.687949808775,331,2018-04-12 02:00:00
2018-04-12 04:00:00,1427.1603599965345,427.0704051351869,2497.411502454117,949,2018-04-12 03:00:00
2018-04-12 05:00:00,2781.895412971336,1732.482053313525,3948.8756895564193,2857,2018-04-12 04:00:00
2018-04-12 06:00:00,4070.1914492554224,3030.4949997582635,5190.971625085789,5772,2018-04-12 05:00:00
2018-04-12 07:00:00,4877.183156085281,3832.8432294071963,5999.891729680365,6475,2018-04-12 06:00:00
2018-04-12 08:00:00,5094.675941680605,3936.4687546752893,6149.8972233871855,6198,2018-04-12 07:00:00
2018-04-12 09:00:00,4917.941605920938,3926.8487120426234,5989.141748507767,5391,2018-04-12 08:00:00
2018-04-12 10:00:00,4687.423541545562,3597.263509030526,5776.254344850051,4743,2018-04-12 09:00:00
2018-04-12 11:00:00,4634.949611366681,3579.9605381533984,5754.124399381008,4982,2018-04-12 10:00:00
2018-04-12 12:00:00,4817.612724495066,3723.958263669867,5875.649310868049,5317,2018-04-12 11:00:00
2018-04-12 13:00:00,5149.03428519372,4048.7956450246797,6210.809211515502,5322,2018-04-12 12:00:00
2018-04-12 14:00:00,5515.803368522185,4462.048526236727,6581.900653736495,5574,2018-04-12 13:00:00
2018-04-12 15:00:00,5778.126650533308,4645.143812077782,6890.184659408243,6252,2018-04-12 14:00:00
2018-04-12 16:00:00,5809.249967462389,4673.006135422856,6929.8506348445635,7213,2018-04-12 15:00:00
2018-04-12 17:00:00,5495.259435750651,4429.705044659891,6623.039666767204,6811,2018-04-12 16:00:00
2018-04-12 18:00:00,4845.1059639173,3733.3472267835923,5992.401372537027,5064,2018-04-12 17:00:00
2018-04-12 19:00:00,4018.7864177197357,2962.6174190501233,5104.704109243802,3697,2018-04-12 18:00:00
2018-04-12 20:00:00,3274.933300024811,2137.291729107375,4453.053953437426,3082,2018-04-12 19:00:00
2018-04-12 21:00:00,2778.002043204945,1686.0815263683141,3857.6562164074594,2762,2018-04-12 20:00:00
2018-04-12 22:00:00,2467.4917613207144,1385.3872206425638,3550.8162303713116,2053,2018-04-12 21:00:00
2018-04-12 23:00:00,2123.2279512423697,1028.1398751180761,3124.7824203685595,1168,2018-04-12 22:00:00
2018-04-13 00:00:00,1571.9458966528837,440.16898406643827,2713.772209114506,633,2018-04-12 23:00:00
2018-04-13 01:00:00,890.0176497054431,-184.18797180719133,1886.4828985335232,387,2018-04-13 00:00:00
2018-04-13 02:00:00,447.02573190775456,-627.0837289589371,1560.2557683344558,306,2018-04-13 01:00:00
2018-04-13 03:00:00,614.2883250453651,-477.30811342256595,1752.4830366899328,356,2018-04-13 02:00:00
